<?xml version="1.0" encoding="UTF-8" standalone="yes"?>
<addon id="plugin.video.retrogamingtv"
	name="Retro Gaming Tv"
	version="1.0.0"
	provider-name="Lefty420">
  <requires>
    <import addon="script.module.addon.common" version="2.0.0"/>
    <import addon="xbmc.python" version="2.14.0"/>
    <import addon="plugin.video.youtube" version="5.1.9"/>
  </requires>
  <extension point="xbmc.python.pluginsource" library="default.py">
    <provides>video</provides>
  </extension>
  <extension point="xbmc.addon.metadata">
    <summary lang="en">Retro Gaming, TV Shows and Trailers</summary>
    <description lang="en">Thousands of Retro Gaming, TV Shows and Trailers on YouTube.</description>
    <platform>all</platform>
    <forum>n/a</forum>
    <website>n/a</website>
  </extension>
</addon>
